Codigo,,,,,,,,,,,
Act-001,1/20/2016,1/21/2016,,,,,,,,,
Act-002,1/21/2016,1/22/2016,,,,,,,,,
Act-003,1/22/2016,1/23/2016,,,,,,,,,
Act-004,1/23/2016,1/24/2016,,,,,,,,,
Act-005,1/24/2016,1/25/2016,,,,,,,,,
Act-006,1/25/2016,1/26/2016,,,,,,,,,
Act-008,1/26/2016,1/27/2016,,,,,,,,,
Act-009,1/27/2016,1/28/2016,,,,,,,,,
Act-010,1/28/2016,1/29/2016,,,,,,,,,
Act-011,1/29/2016,1/30/2016,,,,,,,,,
Act-012,1/30/2016,1/31/2016,,,,,,,,,
Act-013,1/31/2016,2/1/2016,,,,,,,,,
Act-014,2/1/2016,2/2/2016,,,,,,,,,
Act-015,2/2/2016,2/3/2016,,,,,,,,,
Act-016,2/3/2016,2/4/2016,,,,,,,,,
Act-017,2/4/2016,2/5/2016,,,,,,,,,
Act-018,2/5/2016,2/6/2016,,,,,,,,,
Act-019,2/6/2016,2/7/2016,,,,,,,,,
Act-020,2/7/2016,2/8/2016,,,,,,,,,
Act-022,2/8/2016,2/9/2016,,,,,,,,,
Act-023,2/9/2016,2/10/2016,,,,,,,,,
Act-024,2/10/2016,2/11/2016,,,,,,,,,
Act-025,2/11/2016,2/12/2016,,,,,,,,,
Act-026,2/12/2016,2/13/2016,,,,,,,,,
Act-027,2/13/2016,2/14/2016,,,,,,,,,
Act-028,2/14/2016,2/15/2016,,,,,,,,,
Act-029,2/15/2016,2/16/2016,,,,,,,,,
Act-030,2/16/2016,2/17/2016,,,,,,,,,
Act-031,2/17/2016,2/18/2016,,,,,,,,,
Act-032,2/18/2016,2/19/2016,,,,,,,,,
Act-033,2/19/2016,2/20/2016,,,,,,,,,
Act-034,2/20/2016,2/21/2016,,,,,,,,,
Act-035,2/21/2016,2/22/2016,,,,,,,,,
Act-036,2/22/2016,2/23/2016,,,,,,,,,
Act-037,2/23/2016,2/24/2016,,,,,,,,,
Act-039,2/24/2016,2/25/2016,,,,,,,,,
Act-040,2/25/2016,2/26/2016,,,,,,,,,
Act-041,2/26/2016,2/27/2016,,,,,,,,,
Act-042,2/27/2016,2/28/2016,,,,,,,,,
Act-043,2/28/2016,2/29/2016,,,,,,,,,
Act-044,2/29/2016,3/1/2016,,,,,,,,,
Act-045,3/1/2016,3/2/2016,,,,,,,,,
Act-046,3/2/2016,3/3/2016,,,,,,,,,
Act-047,3/3/2016,,,,,,,,,,
Act-048,3/4/2016,,,,,,,,,,
Act-049,3/5/2016,,,,,,,,,,
Act-050,,,,,,,,,,,
Act-051,,,,,,,,,,,
Act-052,,,,,,,,,,,
Act-053,,,,,,,,,,,
Act-054,,,,,,,,,,,
Act-055,,,,,,,,,,,
Act-056,,,,,,,,,,,
Act-057,,,,,,,,,,,
Act-058,,,,,,,,,,,
Act-059,,,,,,,,,,,
Act-060,,,,,,,,,,,
Act-061,,,,,,,,,,,
Act-062,,,,,,,,,,,
Act-063,,,,,,,,,,,
Act-064,,,,,,,,,,,
Act-065,,,,,,,,,,,
Act-066,,,,,,,,,,,
Act-067,,,,,,,,,,,
Act-068,,,,,,,,,,,
Act-069,,,,,,,,,,,
Act-070,,,,,,,,,,,
Act-073,,,,,,,,,,,
Act-074,,,,,,,,,,,
Act-075,,,,,,,,,,,
Act-076,,,,,,,,,,,
Act-077,,,,,,,,,,,
Act-078,,,,,,,,,,,
Act-079,,,,,,,,,,,
Act-080,,,,,,,,,,,
Act-081,,,,,,,,,,,
Act-082,,,,,,,,,,,
Act-083,,,,,,,,,,,
Act-084,,,,,,,,,,,
Act-085,,,,,,,,,,,
Act-086,,,,,,,,,,,
Act-087,,,,,,,,,,,
Act-088,,,,,,,,,,,
Act-089,,,,,,,,,,,
Act-090,,,,,,,,,,,
Act-092,,,,,,,,,,,
Act-093,,,,,,,,,,,
Act-094,,,,,,,,,,,
Act-095,,,,,,,,,,,
Act-096,,,,,,,,,,,
Act-097,,,,,,,,,,,
Act-098,,,,,,,,,,,
Act-099,,,,,,,,,,,
Act-100,,,,,,,,,,,
Act-101,,,,,,,,,,,
Act-102,,,,,,,,,,,
Act-103,,,,,,,,,,,
Act-104,,,,,,,,,,,
Act-105,,,,,,,,,,,
Act-106,,,,,,,,,,,
Act-107,,,,,,,,,,,
Act-108,,,,,,,,,,,
Act-109,,,,,,,,,,,
Act-110,,,,,,,,,,,
Act-111,,,,,,,,,,,
Act-112,,,,,,,,,,,
Act-113,,,,,,,,,,,
Act-114,,,,,,,,,,,
Act-115,,,,,,,,,,,
Act-116,,,,,,,,,,,
Act-117,,,,,,,,,,,
Act-118,,,,,,,,,,,
Act-119,,,,,,,,,,,
Act-120,,,,,,,,,,,
Act-121,,,,,,,,,,,
Act-122,,,,,,,,,,,
Act-123,,,,,,,,,,,
Act-124,,,,,,,,,,,
Act-125,,,,,,,,,,,
Act-126,,,,,,,,,,,
Act-127,,,,,,,,,,,
Act-128,,,,,,,,,,,
Act-129,,,,,,,,,,,
Act-130,,,,,,,,,,,
Act-131,,,,,,,,,,,
Act-132,,,,,,,,,,,
Act-133,,,,,,,,,,,
Act-134,,,,,,,,,,,
Act-135,,,,,,,,,,,
Act-136,,,,,,,,,,,
Act-138,,,,,,,,,,,
Act-139,,,,,,,,,,,
Act-140,,,,,,,,,,,
Act-141,,,,,,,,,,,
Act-142,,,,,,,,,,,
Act-143,,,,,,,,,,,
Act-144,,,,,,,,,,,
Act-145,,,,,,,,,,,
Act-146,,,,,,,,,,,
Act-147,,,,,,,,,,,
Act-148,,,,,,,,,,,
Act-149,,,,,,,,,,,
Act-150,,,,,,,,,,,
Act-151,,,,,,,,,,,
Act-152,,,,,,,,,,,
Act-154,,,,,,,,,,,
Act-155,,,,,,,,,,,
Act-156,,,,,,,,,,,
Act-157,,,,,,,,,,,
Act-158,,,,,,,,,,,
Act-159,,,,,,,,,,,
Act-160,,,,,,,,,,,
Act-161,,,,,,,,,,,
Act-162,,,,,,,,,,,
Act-163,,,,,,,,,,,
Act-165,,,,,,,,,,,
Act-166,,,,,,,,,,,
Act-167,,,,,,,,,,,
Act-168,,,,,,,,,,,
Act-169,,,,,,,,,,,
Act-170,,,,,,,,,,,
Act-172,,,,,,,,,,,
Act-173,,,,,,,,,,,
Act-174,,,,,,,,,,,
Act-175,,,,,,,,,,,
Act-177,,,,,,,,,,,
Act-178,,,,,,,,,,,
Act-179,,,,,,,,,,,
Act-180,,,,,,,,,,,
Act-181,,,,,,,,,,,
Act-182,,,,,,,,,,,
Act-183,,,,,,,,,,,
Act-184,,,,,,,,,,,
Act-185,,,,,,,,,,,
Act-186,,,,,,,,,,,
Act-187,,,,,,,,,,,
Act-188,,,,,,,,,,,
Act-189,,,,,,,,,,,
Act-190,,,,,,,,,,,
Act-191,,,,,,,,,,,
Act-192,,,,,,,,,,,
Act-193,,,,,,,,,,,
Act-194,,,,,,,,,,,
Act-195,,,,,,,,,,,
Act-197,,,,,,,,,,,
Act-198,,,,,,,,,,,
Act-199,,,,,,,,,,,
Act-201,,,,,,,,,,,
Act-204,,,,,,,,,,,
Act-205,,,,,,,,,,,
Act-206,,,,,,,,,,,
Act-207,,,,,,,,,,,
Act-208,,,,,,,,,,,
Act-209,,,,,,,,,,,
Act-210,,,,,,,,,,,
