Distribuidor,Zona,Folio,Nombre
BAL,CAM,CSCAM4001,Suc. San Miguel
BAL,CAM,CSCAM4002,Centro de Servicio LTH suc. Santa Ana
BAL,CAM,CSCAM4003,Centro de Servicio LTH suc. San Salvador
AUTOPARTES JIMENEZ,Norte,CS8006,Centro de Servicio LTH suc. Tecomán
AUTOPARTES JIMENEZ,Norte,CS8005,Centro de Servicio LTH suc. Pablo Silva
AUTOPARTES JIMENEZ,Norte,CS8008,Centro de Servicio LTH suc. Manzanillo
ROCA,Sur,CS1001,Centro de Servicio LTH suc. Independencia
ROCA,Sur,CS1002,Centro de Servicio LTH suc. Talia
ROCA,Sur,CS1007,Centro de Servicio LTH suc. Casa Blanca
ROCA,Sur,CS1005,Centro de Servicio LTH suc. Jesús María
CADENA,Sur,CS2607,Centro de Servicio LTH suc. Mariano Jiménez
CADENA,Sur,CS2608,Centro de Servicio LTH suc. Lomas
CADENA,Sur,CS2610,Centro de Servicio LTH suc. Carretera 57
BAT. DE MEXICO,Norte,CS2008,Centro de Servicio LTH suc. Tecate Universidad
BAT. DE MEXICO,Norte,CS2012,Centro de Servicio LTH suc. Buenos Aires
BAT. DE MEXICO,Norte,CS2013,Centro de Servicio LTH suc. Otay
BAT. DE MEXICO,Norte,CS2014,Centro de Servicio LTH suc. Centro
BATERIAS ATLAS,Norte,CS2001,Centro de Servicio LTH suc. Buenaventura
BATERIAS ATLAS,Norte,CS2009,Centro de Servicio LTH suc. Ferrocarril
BATERIAS ATLAS,Norte,CS2010,Centro de Servicio LTH suc. La Mesa
BATERIAS ATLAS,Norte,CS2011,Centro de Servicio LTH suc. Plaza Otay
BATERIAS ATLAS,Norte,CS2016,Centro de Servicio LTH suc. San Luis Río Colorado
BATERIAS ATLAS MEXICALI,Norte,CS2003,Centro de Servicio LTH suc. Benito Juarez
BATERIAS ATLAS MEXICALI,Norte,CS2018,Centro de Servicio LTH suc. Lázaro Cárdenas
BATERIAS ATLAS MEXICALI,Norte,CS2020,Centro de Servicio LTH suc. Villafontana
EMTEC,Sur,CS3404,Centro de Servicio LTH suc. C60 Plan de Ayala
MASTER ACUMULADORES,Sur,CS2501,Centro de Servicio LTH suc. Palenque
MASTER ACUMULADORES,Sur,CS2502,Centro de Servicio LTH suc. Nichupte
MASTER ACUMULADORES,Sur,CS2503,Centro de Servicio LTH suc. Kabah
MASTER ACUMULADORES,Sur,CS2504,Centro de Servicio LTH suc. Sahop
MASTER ACUMULADORES,Sur,CS2505,Centro de Servicio LTH suc. Playa del Carmen
MASTER ACUMULADORES,Sur,CS2507,Centro de Servicio LTH suc. Playa II
MASTER ACUMULADORES,Sur,CS2509,Centro de Servicio LTH suc. Tulum
ARPSA,Sur,CS3402,Centro de Servicio LTH suc. C69 Centro
ARPSA,Sur,CS3403,Centro de Servicio LTH suc. Dolores Otero
MONCADA,Sur,CS1803,Centro de Servicio LTH suc. Amatitlán
MONCADA,Sur,CS1804,Centro de Servicio LTH suc. Teopanzolco
8A,Norte,CS1504,Centro de Servicio LTH suc. Lopez Mateos 797
8A,Norte,CS1528,Centro de Servicio LTH suc. Tonalá
8A,Norte,CS1511,Centro de Servicio LTH suc. Versalles
8A,Norte,CS1903,Centro de Servicio LTH suc. Bahía de Banderas
GUADALUPE MAGANA,Norte,CS1704,Centro de Servicio LTH suc. Paseo de la República
GUADALUPE MAGANA,Norte,CS1705,Centro de Servicio LTH suc. Altozano
GUADALUPE MAGANA,Norte,CS1716,Centro de Servicio LTH suc. Jurista
GUADALUPE MAGANA,Norte,CS1715,Centro de Servicio LTH suc. Moroleón
MUNDO ALVAREZ,Norte,CS1717,Centro de Servicio LTH suc. Sahuayo
MUNDO ALVAREZ,Norte,CS1708,Centro de Servicio LTH suc. Las Fuentes
MUNDO ALVAREZ,Norte,CS1713,Centro de Servicio LTH suc. Zamora
EDISON,Norte,CS1703,Centro de Servicio LTH suc. Monumental
EDISON,Norte,CS1710,Centro de Servicio LTH suc. Periférico
PURABATERIA,Norte,CS8001,Centro de Servicio LTH suc. Oriental
PURABATERIA,Norte,CS8002,Centro de Servicio LTH suc. Tecnológico
PURABATERIA,Norte,CS8007,Centro de Servicio LTH suc. Madero
PURABATERIA,Norte,CS8003,Centro de Servicio LTH suc. Arboledas
YEPEZ,Norte,CS1507,Centro de Servicio LTH suc. Río Nilo
YEPEZ,Norte,CS1508,Centro de Servicio LTH suc. Revolución Oro
YEPEZ,Norte,CS1524,Centro de Servicio LTH suc. Belisario Domínguez
YEPEZ,Norte,CS1531,Centro de Servicio LTH suc. Cruz del Sur
YEPEZ,Norte,CS1532,Centro de Servicio LTH suc. Ejército
YEPEZ,Norte,CS1534,Centro de Servicio LTH suc. Toluquilla
YEPEZ,Norte,CS1518,Centro de Servicio LTH suc. Los Charros
YEPEZ,Norte,CS1535,Centro de Servicio LTH suc. Américas
PLASCENCIA,Norte,CS1526,Centro de Servicio LTH suc. Chapala
PLASCENCIA,Norte,CS1514,Centro de Servicio LTH suc. Auditorio
PLASCENCIA,Norte,CS1519,Centro de Servicio LTH suc. Hidalgo
PLASCENCIA,Norte,CS1522,Centro de Servicio LTH suc. Angel Leaño
JADA,Norte,CS1709,Centro de Servicio LTH suc. Pátzcuaro
JADA,Norte,CS1706,Centro de Servicio LTH suc. Juárez
JADA,Norte,CS1707,Centro de Servicio LTH suc. Zapata
JADA,Norte,CS1711,Centro de Servicio LTH suc. Bodega Jada
ADS,Norte,CS1525,Centro de Servicio LTH suc. Autlán
ADS,Norte,CS1503,Centro de Servicio LTH suc. Cd. Guzmán
ERICA MONTANO,Norte,CS1701,Centro de Servicio LTH suc. F.I.Madero
ERICA MONTANO,Norte,CS1712,Centro de Servicio LTH suc. Bonifacio Moreno
CARRO MOTRIZ,Norte,CS1216,Centro de Servicio LTH suc. Padre Hidalgo
RAFAEL HERNANDEZ,Norte,CS1501,Centro de Servicio LTH suc. Arandas
RAFAEL HERNANDEZ,Norte,CS1530,Centro de Servicio LTH suc. Ocotlán
RAFAEL HERNANDEZ,Norte,CS1533,Centro de Servicio LTH suc. San Juan
RAFAEL HERNANDEZ,Norte,CS1512,Centro de Servicio LTH suc. Tepa
RAFAEL HERNANDEZ,Norte,CS1536,Centro de Servicio LTH suc. Atotonilco
AFYPESA,Sur,CS5001,Centro de Servicio LTH suc. Belisario Domínguez
AFYPESA,Sur,CS5002,Centro de Servicio LTH suc. San Cristobal
AFYPESA,Sur,CS5003,Centro de Servicio LTH suc. 8a Ave.
AFYPESA,Sur,CS5007,Centro de Servicio LTH suc. San Sebastián
AFYPESA,Sur,CS5004,Centro de Servicio LTH suc. Libramiento Sur
AFYPESA,Sur,CS5006,Centro de Servicio LTH suc. Calle 14
LUCASA,Sur,CS2901,Centro de Servicio LTH suc. Circuito
LUCASA,Sur,CS2907,Centro de Servicio LTH suc. Comalcalco
LUCASA,Sur,CS2902,Centro de Servicio LTH suc. Ernesto Malda
LUCASA,Sur,CS2905,Centro de Servicio LTH suc. Altabrisa
LUCASA,Sur,CS2906,Centro de Servicio LTH suc. Guayabal
LUCASA,Sur,CS2908,Centro de Servicio LTH suc. Universidad
LUCASA,Sur,CS3302,Centro de Servicio LTH suc. Bellavista
LUCASA,Sur,CS3326,Centro de Servicio LTH suc. Coatzacoalcos
LUBNICA,CAM,CSCAM5001,Centro de Servicio LTH suc. Lth Bolonia
LUBNICA,CAM,CSCAM5002,Centro de Servicio LTH suc. Lth Rubenia
LUBNICA,CAM,CSCAM5003,Centro de Servicio LTH suc. Lth  Carretera Sur
LUBNICA,CAM,CSCAM5004,Centro de Servicio LTH suc. Lth 27 De Mayo
LUBNICA,CAM,CSCAM5005,Centro de Servicio LTH suc. Lth Carretera Norte
JYBSA,Norte,CS2106,Centro de Servicio LTH suc. Linares
JYBSA,Norte,CS2107,Centro de Servicio LTH suc. Montemorelos
JYBSA,Norte,CS2108,Centro de Servicio LTH suc. Lázaro Cárdenas
JYBSA,Norte,CS2135,Centro de Servicio LTH suc. Humberto Lobo
CAR MASTER,Norte,CS2601,Centro de Servicio LTH suc. Carr. Nacional
CAR MASTER,Norte,CS2603,Centro de Servicio LTH suc. Santa Martha
CAR MASTER,Norte,CS2604,Centro de Servicio LTH suc. Río Verde
CAR MASTER,Norte,CS3101,Centro de Servicio LTH suc. L Echeverria
CAR MASTER,Norte,CS3104,Centro de Servicio LTH suc. Carr. Torres
CAR MASTER,Norte,CS3105,Centro de Servicio LTH suc. Carr. Torres 10
CAR MASTER,Norte,CS3117,Centro de Servicio LTH suc. Estadio
CAR MASTER,Norte,CS3306,Centro de Servicio LTH suc. Panuco
CAR MASTER,Norte,CS3310,Centro de Servicio LTH suc. Tantoyuca
CARDENAS ACUMULADORE,Norte,CS7009,Centro de Servicio LTH suc. Ramos
CARDENAS ACUMULADORE,Norte,CS7004,Centro de Servicio LTH suc. Provivienda
CARDENAS ACUMULADORE,Norte,CS7011,Centro de Servicio LTH suc. Matamoros
HIGH BATTERY,Norte,CS2114,Centro de Servicio LTH suc. Oriente  
HIGH BATTERY,Norte,CS2115,Centro de Servicio LTH suc. Puerta del Sol
HIGH BATTERY,Norte,CS2128,Centro de Servicio LTH suc. Astros
A.R.,Norte,CS2101,Centro de Servicio LTH suc. Zaragoza
A.R.,Norte,CS2126,Centro de Servicio LTH suc. Tauro
A.R.,Norte,CS2129,Centro de Servicio LTH suc. Estadio
A.R.,Norte,CS2110,Centro de Servicio LTH suc. Vista Hermosa
A.R.,Norte,CS2118,Centro de Servicio LTH suc. Venustiano
A.R.,Norte,CS2117,Centro de Servicio LTH suc. Santo Domingo
A.R.,Norte,CS2127,Centro de Servicio LTH suc. Diego Díaz
ENERGY,Norte,CS2130,Centro de Servicio LTH suc. Cadereyta
ENERGY,Norte,CS2121,Centro de Servicio LTH suc. Ruiz Cortines Poniente
ENERGY,Norte,CS2119,Centro de Servicio LTH suc. San Nicolás Centro
ENERGY,Norte,CS2122,Centro de Servicio LTH suc. Sendero
ENERGY,Norte,CS2133,Centro de Servicio LTH suc. Santa Catarina
AMARANTA FIGUEROA,Sur,CS1126,Centro de Servicio LTH suc. Vía Morelos
AMARANTA FIGUEROA,Sur,CS1119,Centro de Servicio LTH suc. Ojo de Agua
BAM,Sur,CS1110,Centro de Servicio LTH suc. San Lorenzo Tlalnepantla
BAM,Sur,CS1604,Centro de Servicio LTH suc. San Rafael
BALSAS,Sur,CS1301,Centro de Servicio LTH suc. Lomas de Magallanes
BALSAS,Sur,CS1302,Centro de Servicio LTH suc. Diamante
BALSAS,Sur,CS1306,Centro de Servicio LTH suc. Zihuatanejo
BALSAS,Sur,CS1307,Centro de Servicio LTH  suc. Hornos
BALSAS,Sur,CS1714,Centro de Servicio LTH suc. Lázaro Cárdenas
ZARAGOZA,SUR,CS1609,Centro de Servicio LTH suc. Escutia
DASSA,Sur,CS1606,Centro de Servicio LTH suc. Revolución 827
DASSA,Sur,CS1607,Centro de Servicio LTH suc. Xola
DASSA,Sur,CS1608,Centro de Servicio LTH suc. Santa Rosa
DASSA,Sur,CS1614,Centro de Servicio LTH suc. Río Frío
CAMSA,Sur,CS1611,Centro de Servicio LTH suc. Viaducto
CAMSA,Sur,CS1612,Centro de Servicio LTH suc. Congreso de la Unión
CAMSA,Sur,CS1618,Centro de Servicio LTH suc. Palo Solo
BATERIAS MEXICANAS,Norte,CS7008,Centro de Servicio LTH suc. Campo Militar
BATERIAS MEXICANAS,Norte,CS7006,Centro de Servicio LTH suc. Diagonal Reforma
BATERIAS MEXICANAS,Norte,CS7013,Centro de Servicio LTH suc. San Antonio
BATERIAS MEXICANAS,Norte,CS9004,Centro de Servicio LTH suc. Morelos 601
CIMACO,Norte,CS7007,Centro de Servicio LTH suc. Hidalgo 408
EDUARDO REGALADO,Norte,CS6003,Centro de Servicio LTH suc. San Angel
EDUARDO REGALADO,Norte,CS6004,Centro de Servicio LTH suc. Centeno
EDUARDO REGALADO,Norte,CS6005,Centro de Servicio LTH suc. San Lorenzo
EDUARDO REGALADO,Norte,CS6020,Centro de Servicio LTH suc. Carlos Amaya
DIFATSA,Sur,CS1118,Centro de Servicio LTH suc. Seminario
CAPASA,Sur,CS1809,Centro de Servicio LTH suc. Cuautla
CAPASA,Sur,CS1805,Centro de Servicio LTH suc. Bugambilias
CAPASA,Sur,CS1806,Centro de Servicio LTH suc. Cuauhnáhuac
COMACSA,Sur,CS1129,Centro de Servicio LTH suc. Metepec
COMACSA,Sur,CS1113,Centro de Servicio LTH suc. Doctores
COMACSA,Sur,CS1114,Centro de Servicio LTH suc. Isidro Fabela
COMACSA,Sur,CS1128,Centro de Servicio LTH suc. Doctores II
NASMAR,Sur,CS1402,Centro de Servicio LTH suc. Everardo Marquez
NASMAR,Sur,CS1404,Centro de Servicio LTH suc. Pedregal San José
ROBERTO MORALES,Sur,CS3204,Centro de Servicio LTH suc. Revolución
PAPSA,SUR,CS2207,Centro de Servicio LTH suc. San Jacinto
PAPSA,SUR,CS2202,Centro de Servicio LTH suc. Alamo
PAPSA,SUR,CS2203,Centro de Servicio LTH suc. Xoxocotlán
PAPSA,SUR,CS2205,Centro de Servicio LTH suc. Tagolaba
ECASA,Sur,CS3206,Centro de Servicio LTH suc. Apizaco
ECASA,Sur,CS3201,Centro de Servicio LTH suc. Zimatepec
HESA,Sur,CS1103,Centro de Servicio LTH suc. Faja de Oro
HESA,Sur,CS1121,Centro de Servicio LTH suc. Las Américas
HESA,Sur,CS1124,Centro de Servicio LTH suc. San Cristobal 
HESA,Sur,CS1131,Centro de Servicio LTH suc. La fuente
C.A. QUERETARO,Sur,CS1218,Centro de Servicio LTH suc. San Miguel de Allende
C.A. QUERETARO,Sur,CS2401,Centro de Servicio LTH suc. Tlacote
C.A. QUERETARO,Sur,CS2402,Centro de Servicio LTH suc. Cimatario
C.A. QUERETARO,Sur,CS2407,Centro de Servicio LTH suc. Juriquilla
JUAN DE JESUS,Sur,CS2406,Centro de Servicio LTH suc. 5 de Febrero
JUAN DE JESUS,Sur,CS2409,Centro de Servicio LTH suc. Sombrerete
REPUESTOS DE ZACATECAS,Sur,CS3501,Centro de Servicio LTH suc. Plateros/Cipreses
REPUESTOS DE ZACATECAS,Sur,CS3502,Centro de Servicio LTH suc. Sauceda
REPUESTOS DE ZACATECAS,Sur,CS3505,Centro de Servicio LTH suc. Abastos
REPUESTOS DEL NOROESTE,Norte,CS6002,Centro de Servicio LTH suc. Morelos 8300
REPUESTOS DEL NOROESTE,Norte,CS6012,Centro de Servicio LTH suc. Fernando Baeza
JORGE GUTIERREZ,Norte,CS6007,Centro de Servicio LTH suc. Tecnológico
JORGE GUTIERREZ,Norte,CS6008,Centro de Servicio LTH suc. Río de Janeiro
JORGE GUTIERREZ,Norte,CS6010,Centro de Servicio LTH suc. Portales
JORGE GUTIERREZ,Norte,CS6021,Centro de Servicio LTH suc. Nueva España
JORGE GUTIERREZ,Norte,CS6013,Centro de Servicio LTH suc. Delicias
JORGE GUTIERREZ,Norte,CS6014,Centro de Servicio LTH suc. Meoqui
ERVILLA,Norte,CS6019,Centro de Servicio LTH suc. Camargo
ERVILLA,Norte,CS6018,Centro de Servicio LTH suc. Agustín Melgar
ERVILLA,Norte,CS6015,Centro de Servicio LTH suc. Ortiz Mena
ERVILLA,Norte,CS6016,Centro de Servicio LTH suc. Palmillas
BDH,Norte,CS2805,Centro de Servicio LTH suc. Jalisco
BDH,Norte,CS2806,Centro de Servicio LTH suc. C15
BDH,Norte,CS2807,Centro de Servicio LTH suc. Obelisco
BDH,Norte,CS2816,Centro de Servicio LTH suc. Colosio
BDH,Norte,CS2823,Centro de Servicio LTH suc. Ignacio Soto
BDH,Norte,CS2809,Centro de Servicio LTH suc. San Benito
BDH,Norte,CS2811,Centro de Servicio LTH suc. Solidaridad
BDH,Norte,CS2819,Centro de Servicio LTH suc. Ferrocarril
ERSA,Norte,CS2820,Centro de Servicio LTH suc. Agua Prieta
ERSA,Norte,CS2801,Centro de Servicio LTH suc. Álvaro Obregón
ERSA,Norte,CS2802,"Centro de Servicio LTH suc. ""N"""
ERSA,Norte,CS2803,Centro de Servicio LTH suc. Lexus
ERSA,Norte,CS2813,Centro de Servicio LTH suc. Villa Sonora
ERSA,Norte,CS2821,Centro de Servicio LTH suc. Los Nogales
ERSA,Norte,CS2822,Centro de Servicio LTH suc. Los Nogales Centro
ERSA,Norte,CS2824,Centro de Servicio LTH suc. Los Maestros
ERSA,Norte,CS2814,Centro de Servicio LTH suc. Simon Morua
LLANTERAMA,Sur,CS1406,Centro de Servicio LTH suc. Avenidas
LLANTERAMA,Sur,CS1407,Centro de Servicio LTH suc. Colosio
LLANTERAMA,Sur,CS1405,Centro de Servicio LTH suc. Emiliano Zapata
LLANTERAMA,Sur,CS3308,Centro de Servicio LTH suc. Sucre
LLANTERAMA,Sur,CS3320,Centro de Servicio LTH suc. Central Poniente
LLANTERAMA,Sur,CS3311,Centro de Servicio LTH suc. Revolución
RIMSA,Sur,CS2206,Centro de Servicio LTH suc. Ponciano
RIMSA,Sur,CS3301,Centro de Servicio LTH suc. Urano
RIMSA,Sur,CS3303,Centro de Servicio LTH suc. Francisco Villa 
RIMSA,Sur,CS3304,Centro de Servicio LTH suc. Av. 11
RIMSA,Sur,CS3305,Centro de Servicio LTH suc. Poniente 7
RIMSA,Sur,CS3309,Centro de Servicio LTH suc. La Rueda
RIMSA,Sur,CS3318,Centro de Servicio LTH suc. 5 de Febrero
RIMSA,Sur,CS3312,Centro de Servicio LTH suc. Burocrática
RIMSA,Sur,CS3313,Centro de Servicio LTH suc. Cuauhtemoc
RIMSA,Sur,CS3314,Centro de Servicio LTH suc. La Fragua
RIMSA,Sur,CS3322,Centro de Servicio LTH suc. Miguel Alemán
RIMSA,Sur,CS3325,Centro de Servicio LTH suc. Nuevo Veracruz
RIMSA,Sur,CS3321,Centro de Servicio LTH suc. Xalapa 2
ACUVER,Sur,CS3324,Centro de Servicio LTH suc. Carranza
ACUVER,Sur,CS3315,Centro de Servicio LTH suc. JB Lobos
ACUVER,Sur,CS3323,Centro de Servicio LTH suc. Quirasco
BATTERY CENTER ROAL,Sur,CS1004,Centro de Servicio LTH suc. Siglo XXI
BATTERY CENTER ROAL,Sur,CS1207,Centro de Servicio LTH suc. Mariano Escobedo
BATTERY CENTER ROAL,Sur,CS1208,Centro de Servicio LTH suc. Fco. Villa
BATTERY CENTER ROAL,Sur,CS1209,Centro de Servicio LTH suc. Blvd. Guanajuato
BATTERY CENTER ROAL,Sur,CS1223,Centro de Servicio LTH suc. Las Joyas
BATTERY CENTER ROAL,Sur,CS1224,Centro de Servicio LTH suc. Torres Landa
BATTERY CENTER ROAL,Sur,CS1215,Centro de Servicio LTH suc. San Francisco
BATTERY CENTER ROAL,Sur,CS1217,Centro de Servicio LTH suc. San Francisco del Rincón 2
GRUPO ENERMAX,Sur,CS1202,Centro de Servicio LTH suc. Los Laureles
GRUPO ENERMAX,Sur,CS1220,Centro de Servicio LTH suc. Eje
GRUPO ENERMAX,Sur,CS1222,Centro de Servicio LTH suc. Constituyentes
GRUPO ENERMAX,Sur,CS1203,Centro de Servicio LTH suc. Burócratas
GRUPO ENERMAX,Sur,CS1221,Centro de Servicio LTH suc. Irapuato
GRUPO ENERMAX,Sur,CS1210,Centro de Servicio LTH suc. Jerez
GRUPO ENERMAX,Sur,CS1211,Centro de Servicio LTH suc. Las Torres
GRUPO ENERMAX,Sur,CS1212,Centro de Servicio LTH suc. Del Moral
GRUPO ENERMAX,Sur,CS1213,Centro de Servicio LTH suc. Parque del Arbol
BATTERY PLUS,Norte,CS2705,Centro de Servicio LTH suc. Calzada
BATTERY PLUS,Norte,CS2706,Centro de Servicio LTH suc. Leyva Solano
BATTERY PLUS,Norte,CS2707,Centro de Servicio LTH suc. Rolando Arjona 45
BATTERY PLUS,Norte,CS2722,Centro de Servicio LTH suc. José Limón
BATTERY PLUS,Norte,CS2711,Centro de Servicio LTH suc. Guasave
BATTERY PLUS LOS MOCHIS,Norte,CS2714,Centro de Servicio LTH suc. Río de las Cañas
BATTERY PLUS LOS MOCHIS,Norte,CS2715,Centro de Servicio LTH suc. Rosales
BATTERY PLUS LOS MOCHIS,Norte,CS2721,Centro de Servicio LTH suc. Belisario 
BATTERY PLUS LOS MOCHIS,Norte,CS2726,Centro de Servicio LTH suc. Justicia Social
ACUM. Y LLANTAS GALL,Norte,CS2717,Centro de Servicio LTH suc. Leyva
ACUM. Y LLANTAS GALL,Norte,CS2718,Centro de Servicio LTH suc. Juárez
ACUM. Y LLANTAS GALL,Norte,CS2719,Centro de Servicio LTH suc. Insurgentes
ACUM. Y LLANTAS GALL,Norte,CS2728,Centro de Servicio LTH suc. Cedis
LUPESA,Norte,CS3001,Centro de Servicio LTH suc. El Manglito
LUPESA,Norte,CS3002,Centro de Servicio LTH suc. Los Cabos
MONTOYA GALAVIZ,Norte,CS2701,Centro de Servicio LTH suc. Barrancos
MONTOYA GALAVIZ,Norte,CS2702,Centro de Servicio LTH suc. Lázaro Cárdenas
MONTOYA GALAVIZ,Norte,CS2703,Centro de Servicio LTH suc. Gpe.Victoria
MONTOYA GALAVIZ,Norte,CS2704,Centro de Servicio LTH suc. Zapata
MONTOYA GALAVIZ,Norte,CS2724,Centro de Servicio LTH suc. Humaya
MONTOYA GALAVIZ,Norte,CS2713,Centro de Servicio LTH suc. Gaxiola
MAEGA,CAM,CSCAM3001,Centro de Servicio LTH suc. Blvd. Del Norte
MAEGA,CAM,CSCAM3002,Centro de Servicio LTH suc. 105
MAEGA,CAM,CSCAM3003,Centro de Servicio LTH suc. Suyapa
MAEGA,CAM,CSCAM3004,Centro de Servicio LTH suc. 2° Calle
MAEGA,CAM,CSCAM3005,Centro de Servicio LTH suc. Circunvalación
MAEGA,CAM,CSCAM3006,Centro de Servicio LTH suc. New Orleans
MAEGA,CAM,CSCAM3007,Centro de Servicio LTH suc. Segundo Anillo
MAEGA,CAM,CSCAM3008,Centro de Servicio LTH suc. Progreso
MAEGA,CAM,CSCAM3009,Centro de Servicio LTH suc. Santa Rosa De Copan
MAEGA,CAM,CSCAM3010,Centro de Servicio LTH suc. Puma
MAEGA,CAM,CSCAM3011,Centro de Servicio LTH suc. Fuerzas Armadas
MAEGA,CAM,CSCAM3012,Centro de Servicio LTH suc. Country
MAEGA,CAM,CSCAM3013,Centro de Servicio LTH suc. Comayagüela
MAEGA,CAM,CSCAM3014,Centro de Servicio LTH suc. Loarque
MAEGA,CAM,CSCAM3015,Centro de Servicio LTH suc. Comayagua
MAEGA,CAM,CSCAM3016,Centro de Servicio LTH suc. Buenos Aires
MAEGA,CAM,CSCAM3017,Centro de Servicio LTH suc. Ave. Colón
MAEGA,CAM,CSCAM3018,Centro de Servicio LTH suc. Choluteca
MAEGA,CAM,CSCAM3019,Centro de Servicio LTH suc. Siguatepeque
IBERIA,CAM,CSCAM2001,Centro de Servicio LTH suc. Central
IBERIA,CAM,CSCAM2002,Centro de Servicio LTH suc. Marti
IBERIA,CAM,CSCAM2003,Centro de Servicio LTH suc. Santander
IBERIA,CAM,CSCAM2004,Centro de Servicio LTH suc. Zona 9
IBERIA,CAM,CSCAM2005,Centro de Servicio LTH suc. Quetzaltenango
IBERIA,CAM,CSCAM2006,Centro de Servicio LTH suc. Peten
IBERIA,CAM,CSCAM2007,Centro de Servicio LTH suc. Gran Plaza
IZAGUIRRRE,Sur,CS1101,Centro de Servicio LTH suc. Tlatlaya
IZAGUIRRRE,Sur,CS1120,Centro de Servicio LTH suc. Carr. Qro.
IZAGUIRRRE,Sur,CS1125,Centro de Servicio LTH suc. Colinas
IZAGUIRRRE,Sur,CS1130,Centro de Servicio LTH suc. Mundo E
IZAGUIRRRE,Sur,CS1617,Centro de Servicio LTH suc. Acoxpa
ROMUALDO,Sur,CS1601,Centro de Servicio LTH suc. Patriotismo
100 VOLTIOS,Sur,CS1111,Centro de Servicio LTH suc. La Romana
